well_BC_seq,expected_Ab_BC_correct,plate,row,column,well_nr
AATAACACCTCGAATC,67,A,A,1,A01
ACTATCACTTGGCATG,232,A,A,2,A02
ATAACATGATCGACAC,78,A,A,3,A03
CAGCTAGATGAAGAAG,20,A,A,4,A04
CGCCGAGAAACAGACA,65,A,A,5,A05
GATATAACTGGTTGCT,167,A,A,6,A06
GCGGACTGTTTGTCGA,13,A,A,7,A07
TAAGCTCTCCCTCAGT,34,A,A,8,A08
TCGTTATGTCCTGCTT,39,A,A,9,A09
TGTGAGTGCCTCACCA,73,A,A,10,A10
AAACCCAAGAAACACT,18,A,A,11,A11
AACAAAGAGACTGATG,76,A,A,12,A12
AACCTTTAGATGGGCT,59,A,B,1,B01
AAGCCATAGCCGAGGT,95,A,B,2,B02
AATCACGAGCTCCACG,130,A,B,3,B03
ACAAAGAAGGCAGGTT,75,A,B,4,B04
ACATCCCAGGTAGCAC,40,A,B,5,B05
ACCCTTGAGTATGACA,91,A,B,6,B06
ACGGTCGAGTGGCAGT,225,A,B,7,B07
ACTATTCCAAATACGA,52,A,B,8,B08
ACTTCGCCAAGGTTTC,81,A,B,9,B09
AGACAGGCACATACCA,43,A,B,10,B10
AGATCGTCACGTTCGG,79,A,B,11,B11
AGCGTATCAGATTGGG,9,A,B,12,B12
AGGATAACAGTCATGT,84,A,C,1,C01
AGGGTTTCATCGATAC,6,A,C,2,C02
AGTAGCTCATTGCAGT,170,A,C,3,C03
AGTTAGCGTAGACAGC,17,A,C,4,C04
ATCACAGGTCAACCAT,128,A,C,5,C05
ATCGATGGTCGAGATG,56,A,C,6,C06
ATGACCAGTGACAGGT,8,A,C,7,C07
ATGGGTTGTGGCGATA,62,A,C,8,C08
ATTCCATGTTAGGTAA,11,A,C,9,C09
ATTTCTGGTTGTACGT,80,A,C,10,C10
CAAGCTATCACAGCGT,193,A,C,11,C11
CACATGATCAGTCGAC,15,A,C,12,C12
CACTGTCTCCAGCAGT,51,A,D,1,D01
CAGCGTGTCCGGACGT,83,A,D,2,D02
CATACTTTCGACCATA,86,A,D,3,D03
CATGCAATCGGAGGTG,71,A,D,4,D04
CATTGCCTCTAAACTG,213,A,D,5,D05
CCACGTTTCTCTCGAC,92,A,D,6,D06
CCCTCTCTCTTGGAAT,47,A,D,7,D07
CCGTAGGAGACGATCA,53,A,D,8,D08
CCTCATGAGATCGCTT,197,A,D,9,D09
CGAAGGAAGCATTTGT,50,A,D,10,D10
CGATGCGAGCTAAGTG,30,A,D,11,D11
CGGACACAGGATCACG,89,A,D,12,D12
CGTAGTAAGGGTCTAA,7,A,E,1,E01
CTAACCCAGTAGCAAC,205,A,E,2,E02
CTAGGTAAGTGCATAG,35,A,E,3,E03
CTCAGTCCAAACTAGA,29,A,E,4,E04
CTCCTCCCAAGCGTCC,42,A,E,5,E05
CTGCAGGCACACTACA,202,A,E,6,E06
CTGTAGACACGGATTT,14,A,E,7,E07
CTTCGGTCAGAGGAAA,218,A,E,8,E08
GAACGTTCAGGTGGAT,2,A,E,9,E09
GAATCGTCATCAGTGT,25,A,E,10,E10
GACGTTACATTAGTCG,223,A,E,11,E11
GAGATGGGTACGTGTT,97,A,E,12,E12
GAGTGTTGTATGGTAA,41,A,F,1,F01
GATCGTAGTCCTCATC,57,A,F,2,F02
GATTTCTGTCTTGGTA,99,A,F,3,F03
GCAGTTAGTGGAACCA,233,A,F,4,F04
GCCATTCGTTACATCG,228,A,F,5,F05
GCGTGCAGTTGCTAGT,27,A,F,6,F06
GCTTTCGTCAAGTCTG,160,A,F,7,F07
GGAGGTATCAGGAAGC,216,A,F,8,F08
GGGACAATCCACAGCG,54,A,F,9,F09
GGGCTCATCCGATAGT,93,A,F,10,F10
GGTAATCTCGAACATT,61,A,F,11,F11
GGTTCTCTCGCTGACG,45,A,F,12,F12
GTAGAGGTCGTTACCC,198,A,G,1,G01
GTCACGGTCTCGACCT,44,A,G,2,G02
GTCGCGATCTTCCGGC,24,A,G,3,G03
GTGAGTTAGACCATAG,19,A,G,4,G04
GTGGGAAAGATACAGC,166,A,G,5,G05
GTTACGAAGCATAGAC,70,A,G,6,G06
GTTGCTCAGCGTATAG,172,A,G,7,G07
TAAGCACAGGAGAATG,69,A,G,8,G08
TACCCACAGGGCATGT,90,A,G,9,G09
TACTGCCAGTAATTGG,26,A,G,10,G10
TAGGGTTAGTGAACAT,31,A,G,11,G11
TATCTTGAGTTTCCAA,58,A,G,12,G12
TCAATTCCAAGACGAC,96,A,H,1,H01
TCAGGGCCACAACGAG,169,A,H,2,H02
TCATGCCCACGAGGAT,208,A,H,3,H03
TCCATCGCAGACCAGA,46,A,H,4,H04
TCCTCCCCAGGCGTTC,23,A,H,5,H05
TCGATTTCATAGTCGT,229,A,H,6,H06
TCGTAGACATGTCAGT,28,A,H,7,H07
TCTCAGCGTACCGCTG,32,A,H,8,H08
TGAACGTGTATCGAGG,219,A,H,9,H09
TGAGGAGGTCCCGTGA,85,A,H,10,H10
TGCACGGGTCTGCGCA,55,A,H,11,H11
TGCGGGTGTGCGTCGT,33,A,H,12,H12
AATAACACCTCGAATC,168,B,A,1,A01
ACTATCACTTGGCATG,48,B,A,2,A02
ATAACATGATCGACAC,87,B,A,3,A03
CAGCTAGATGAAGAAG,68,B,A,4,A04
CGCCGAGAAACAGACA,163,B,A,5,A05
GATATAACTGGTTGCT,94,B,A,6,A06
GCGGACTGTTTGTCGA,NA,B,A,7,A07
TAAGCTCTCCCTCAGT,215,B,A,8,A08
TCGTTATGTCCTGCTT,180,B,A,9,A09
TGTGAGTGCCTCACCA,234,B,A,10,A10
AAACCCAAGAAACACT,38,B,A,11,A11
AACAAAGAGACTGATG,36,B,A,12,A12
AACCTTTAGATGGGCT,1,B,B,1,B01
AAGCCATAGCCGAGGT,60,B,B,2,B02
AATCACGAGCTCCACG,3,B,B,3,B03
ACAAAGAAGGCAGGTT,37,B,B,4,B04
ACATCCCAGGTAGCAC,224,B,B,5,B05
ACCCTTGAGTATGACA,5,B,B,6,B06
ACGGTCGAGTGGCAGT,98,B,B,7,B07
ACTATTCCAAATACGA,222,B,B,8,B08
ACTTCGCCAAGGTTTC,100,B,B,9,B09
AGACAGGCACATACCA,231,B,B,10,B10
AGATCGTCACGTTCGG,194,B,B,11,B11
AGCGTATCAGATTGGG,88,B,B,12,B12
AGGATAACAGTCATGT,74,B,C,1,C01
AGGGTTTCATCGATAC,64,B,C,2,C02
AGTAGCTCATTGCAGT,49,B,C,3,C03
AGTTAGCGTAGACAGC,203,B,C,4,C04
ATCACAGGTCAACCAT,12,B,C,5,C05
ATCGATGGTCGAGATG,178,B,C,6,C06
ATGACCAGTGACAGGT,82,B,C,7,C07
ATGGGTTGTGGCGATA,158,B,C,8,C08
ATTCCATGTTAGGTAA,66,B,C,9,C09
ATTTCTGGTTGTACGT,125,B,C,10,C10
CAAGCTATCACAGCGT,4,B,C,11,C11
CACATGATCAGTCGAC,72,B,C,12,C12
CACTGTCTCCAGCAGT,179,B,D,1,D01
CAGCGTGTCCGGACGT,196,B,D,2,D02
CATACTTTCGACCATA,10,B,D,3,D03
CATGCAATCGGAGGTG,221,B,D,4,D04
CATTGCCTCTAAACTG,22,B,D,5,D05
CCACGTTTCTCTCGAC,16,B,D,6,D06
CCCTCTCTCTTGGAAT,195,B,D,7,D07
CCGTAGGAGACGATCA,212,B,D,8,D08
CCTCATGAGATCGCTT,129,B,D,9,D09
CGAAGGAAGCATTTGT,63,B,D,10,D10
CGATGCGAGCTAAGTG,21,B,D,11,D11
CGGACACAGGATCACG,NA,B,D,12,D12
CGTAGTAAGGGTCTAA,NA,B,E,1,E01
CTAACCCAGTAGCAAC,NA,B,E,2,E02
CTAGGTAAGTGCATAG,NA,B,E,3,E03
CTCAGTCCAAACTAGA,NA,B,E,4,E04
CTCCTCCCAAGCGTCC,NA,B,E,5,E05
CTGCAGGCACACTACA,NA,B,E,6,E06
CTGTAGACACGGATTT,NA,B,E,7,E07
CTTCGGTCAGAGGAAA,NA,B,E,8,E08
GAACGTTCAGGTGGAT,NA,B,E,9,E09
GAATCGTCATCAGTGT,NA,B,E,10,E10
GACGTTACATTAGTCG,NA,B,E,11,E11
GAGATGGGTACGTGTT,NA,B,E,12,E12
GAGTGTTGTATGGTAA,NA,B,F,1,F01
GATCGTAGTCCTCATC,NA,B,F,2,F02
GATTTCTGTCTTGGTA,NA,B,F,3,F03
GCAGTTAGTGGAACCA,NA,B,F,4,F04
GCCATTCGTTACATCG,NA,B,F,5,F05
GCGTGCAGTTGCTAGT,NA,B,F,6,F06
GCTTTCGTCAAGTCTG,NA,B,F,7,F07
GGAGGTATCAGGAAGC,NA,B,F,8,F08
GGGACAATCCACAGCG,NA,B,F,9,F09
GGGCTCATCCGATAGT,NA,B,F,10,F10
GGTAATCTCGAACATT,NA,B,F,11,F11
GGTTCTCTCGCTGACG,NA,B,F,12,F12
GTAGAGGTCGTTACCC,NA,B,G,1,G01
GTCACGGTCTCGACCT,NA,B,G,2,G02
GTCGCGATCTTCCGGC,NA,B,G,3,G03
GTGAGTTAGACCATAG,NA,B,G,4,G04
GTGGGAAAGATACAGC,NA,B,G,5,G05
GTTACGAAGCATAGAC,NA,B,G,6,G06
GTTGCTCAGCGTATAG,NA,B,G,7,G07
TAAGCACAGGAGAATG,NA,B,G,8,G08
TACCCACAGGGCATGT,NA,B,G,9,G09
TACTGCCAGTAATTGG,NA,B,G,10,G10
TAGGGTTAGTGAACAT,NA,B,G,11,G11
TATCTTGAGTTTCCAA,NA,B,G,12,G12
TCAATTCCAAGACGAC,77,B,H,1,H01
TCAGGGCCACAACGAG,NA,B,H,2,H02
TCATGCCCACGAGGAT,NA,B,H,3,H03
TCCATCGCAGACCAGA,NA,B,H,4,H04
TCCTCCCCAGGCGTTC,NA,B,H,5,H05
TCGATTTCATAGTCGT,NA,B,H,6,H06
TCGTAGACATGTCAGT,NA,B,H,7,H07
TCTCAGCGTACCGCTG,NA,B,H,8,H08
TGAACGTGTATCGAGG,NA,B,H,9,H09
TGAGGAGGTCCCGTGA,NA,B,H,10,H10
TGCACGGGTCTGCGCA,NA,B,H,11,H11
TGCGGGTGTGCGTCGT,NA,B,H,12,H12
