DS_Ab_nr,target,DS_barcode_nr,DS_barcode_seq,barcode_name,target_nospace,target_present,target_assign,bonus_counts,target_assign_unique
DS001,AKT,B001,AAGGCAGACGGTGCA,BC_01,AKT,not_present,AKT_T309,1,AKT_T309_1
DS003,AKT (T308),B002,GGCTGCGCACCGCCT,BC_02,AKT_T308,AKT_T309,AKT_T309,2,AKT_T309_2
DS004,BAD (S112),B003,TAGTTGACATGCCAT,BC_03,BAD_S112,not_present,BAD_S136,1,BAD_S136_1
DS005,BAD (S136),B004,GACGCGCGTTGTCAT,BC_04,BAD_S136,BAD_S136,BAD_S136,2,BAD_S136_2
DS006,BIM,B005,CGTCCTAGGACATAT,BC_05,BIM,not_present,BLNK,1,BLNK_1
DS007,BLNK (SLP-65),B006,CTCCAGCTCGAGCTC,BC_06,BLNK,BLNK,BLNK,2,BLNK_2
DS008,BTK,B007,GGACGCAACTTAAGA,BC_07,BTK,not_present,BTK_Y551,1,BTK_Y551_1
DS009,BTK (Y551),B008,AGCGAACCGCCGCTG,BC_08,BTK_Y551,BTK_Y551,BTK_Y551,2,BTK_Y551_2
DS010,Caspase 3 (D175),B009,GTGCAAGAGTTGGCG,BC_09,Caspase3_D175,not_present,NA,,NA
DS012,CDC2 (Y15),B010,GAAGAAGCGTTATTC,BC_10,CDC2_Y15,not_present,NA,,NA
DS013,c-FOS (S32),B011,TGGTGACAAGTATCT,BC_11,cFOS_S32,not_present,cJUN_S63,1,cJUN_S63_1
DS014,c-JUN (S63),B012,CACTCCTTGACAGGT,BC_12,cJUN_S63,cJUN_S63,cJUN_S63,2,cJUN_S63_2
DS015,c-MYC (T58),B013,CGAGGTACATCTTGT,BC_13,cMYC_T58,not_present,ERK1_2,1,ERK1_2_1
DS018,ERK1/2,B014,GCCAAGATCAGGTCC,BC_14,ERK1_2,ERK1_2,ERK1_2,2,ERK1_2_2
DS019,ERK1/2 (T202/Y204),B015,TTAGGTGTACACGTT,BC_15,ERK1_2_T202_Y204,not_present,IkB,1,IkB_1
DS022,IkB,B016,GCATTGCGTCAGGCT,BC_16,IkB,IkB,IkB,2,IkB_2
DS024,Isotype Rabbit IgG,B017,CTGGTCGAACTTCGT,BC_17,Isotype_Rabbit_IgG,not_present,NA,,NA
DS026,Ki-67,B018,AGAGCTAGGATCGGA,BC_18,Ki67,not_present,NA,,NA
DS027,LYN (SRC) (Y397),B019,ATAATCATTACGTGG,BC_19,LYN_Y397,not_present,NA,,NA
DS029,MEF2C,B020,ACGAATCGGATACTA,BC_20,MEF2C,not_present,MKK4_S257_T261,1,MKK4_S257_T261_1
DS030,MEK1/2,B021,CGTCGCAATCCATTG,BC_21,MEK1_2,not_present,MKK4_S257_T261,2,MKK4_S257_T261_2
DS031,MKK4 (S257/T261),B022,TAGGTTACGAGTGTG,BC_22,MKK4_S257_T261,MKK4_S257_T261,MKK4_S257_T261,3,MKK4_S257_T261_3
DS032,MKK7 (S271/T275),B023,CAAGCGCGGCTTCCG,BC_23,MKK7_S271_T275,not_present,NA,,NA
DS033,mTOR (S2448),B024,GCTAGCGTAATGTGG,BC_24,mTOR_S2448,not_present,NA,,NA
DS034,NFkB p50,B025,CATGGAGGCGAGGTT,BC_25,NFkB_p50,not_present,NA,,NA
DS035,NFkB p65 (RelA),B026,TGACACCTGAATATT,BC_26,NFkB_p65,not_present,PARP_D214,1,PARP_D214_1
DS038,PARP (D214),B027,AGACAGTGATGTCCG,BC_27,PARP_D214,PARP_D214,PARP_D214,2,PARP_D214_2
DS039,PI3K p110d (PIK3CD),B028,CCAATCGATATGAGC,BC_28,PI3K_p110d,not_present,PYK2_Y402,1,PYK2_Y402_1
DS041,PYK2 (Y402),B029,CGTACATGTACCACA,BC_29,PYK2_Y402,PYK2_Y402,PYK2_Y402,2,PYK2_Y402_2
DS046,SRC,B030,GGACGAGTTCAACGT,BC_30,SRC,not_present,NA,,NA
DS047,STAT1,B031,GCGGCTCTGTTGATG,BC_31,STAT1,not_present,NA,,NA
DS048,STAT3,B032,TTGTCACGGTAATAA,BC_32,STAT3,not_present,NA,,NA
DS049,STAT3 (Y705),B033,ATCGAACCGACAGAG,BC_33,STAT3_Y705,not_present,NA,,NA
DS050,SYK,B034,GGTCGACTAGGTCGG,BC_34,SYK,not_present,NA,,NA
DS053,ZAP70 (Y319),B035,CTCAAGCATTATCAT,BC_35,ZAP70_Y319,not_present,NA,,NA
DS107,IRF7 (S477/S479),B036,GGCAGCCTTCTATTG,BC_36,IRF7_S477_S479,not_present,NA,,NA
DS081,ATF2 (T71),B037,TCCGATCCTGGTCCG,BC_37,ATF2_T71,not_present,NA,,NA
DS096,LYN (SRC),B038,CGCGGCCGGTTAGGA,BC_38,LYN,not_present,NA,,NA
DS091,CD22 (Y822),B039,TCAAGCCTCAGGCAG,BC_39,CD22_Y822,not_present,NA,,NA
DS093,CD37 (TSPAN26),B040,GACGAACGTCCGCGA,BC_40,CD37,not_present,NA,,NA
DS071,CDK4 (T172),B041,GTTCAAGCTTAGATA,BC_41,CDK4_T172,not_present,NA,,NA
DS072,CDK6 (T177),B042,TGCATAGCCTGTGGA,BC_42,CDK6_T177,not_present,NA,,NA
DS087,IgA,B043,AGGCGTGCACGTGGT,BC_43,IgA,not_present,NA,,NA
DS061,IgE,B044,TTACTACGTAATACC,BC_44,IgE,not_present,NA,,NA
DS062,IgM,B045,TTCGGAACGCGCACA,BC_45,IgM,not_present,NA,,NA
DS075,IKKa/b (S176/S180),B046,TTCATCTCCAGTACG,BC_46,IKKa_b_S176_S180,not_present,NA,,NA
DS094,Isotype Mouse IgG1,B047,GTCACACTTAAGACA,BC_47,Isotype_Mouse_IgG1,not_present,NA,,NA
DS095,JAK1,B048,CTCGTCGCGCAATGC,BC_48,JAK1,not_present,NA,,NA
DS082,CD10,B049,CTTGCGAGTAGGATT,BC_49,CD10,not_present,NA,,NA
DS097,MEK1/2 (S218/S222),B050,AGCTTCACGGAATCC,BC_50,MEK1_2_S218_S222,not_present,NA,,NA
DS088,PFKFB3 (S461),B051,CGCTGCGGCGAGTTG,BC_51,PFKFB3_S461,not_present,NA,,NA
DS089,PKC-b1,B052,ACCTTCTGTTCTGCC,BC_52,PKCb1,not_present,CD19,1,CD19_1
DS083,CD138 (Syndecan-1),B053,CGGTTAGCGCGGTTC,BC_53,CD138,not_present,CD19,2,CD19_2
DS098,PLCy2,B054,TCTATTGGATAGGAT,BC_54,PLCy2,not_present,CD19,3,CD19_3
DS084,CD19,B055,CGGACCGCCTGACAA,BC_55,CD19,CD19,CD19,4,CD19_4
DS101,SHP-1,B056,CTGGCGACAACGCGA,BC_56,SHP1,not_present,NA,,NA
DS102,SHP-2,B057,TGTCAGCGACTGCGA,BC_57,SHP2,not_present,STAT5a_Y694,1,STAT5a_Y694_1
DS078,STAT1 (Y701),B058,GACGGCACCAAGTTC,BC_58,STAT1_Y701,not_present,STAT5a_Y694,2,STAT5a_Y694_2
DS105,STAT5a,B059,CCTAGTTACCGAGCA,BC_59,STAT5a,not_present,STAT5a_Y694,3,STAT5a_Y694_3
DS079,STAT5a (Y694),B060,TAGAGCCGACTGCAG,BC_60,STAT5a_Y694,STAT5a_Y694,STAT5a_Y694,4,STAT5a_Y694_4
DS106,STAT6,B061,TCCTACCGCGAGCCG,BC_61,STAT6,not_present,NA,,NA
DS090,VAV1 (Y174),B062,GCAAGCAATGCACGC,BC_62,VAV1_Y174,not_present,NA,,NA
DS092,CD24,B063,GAGCATAAGTGGTTA,BC_63,CD24,not_present,NA,,NA
DS086,CD43,B064,GTTAAGTCATACATA,BC_64,CD43,not_present,NA,,NA
DS045,SHP-2 (Y580),B125,GGTCATAGGAAGTGT,BC_125,SHP2_Y580,not_present,NA,,NA
DS070,CDK1 (T14/Y15),B128,CATTGTGACTTCACC,BC_128,CDK1_T14_Y15,not_present,NA,,NA
DS069,AMPKb1 (S182),B129,TAGTATCTATAGATC,BC_129,AMPKb1_S182,not_present,NA,,NA
DS076,JAK1 (Y1022/Y1023),B130,CGGCTCACCGCGTCT,BC_130,JAK1_Y1022_Y1023,not_present,NA,,NA
DS055,CD38,B158,GATTGGCTACTCAAT,BC_158,CD38,not_present,NA,,NA
DS065,CD79a (Iga),B160,AACCTACTCTCAAGG,BC_160,CD79a,not_present,NA,,NA
DS066,IgD,B163,AATTCAGGCGACGTG,BC_163,IgD,not_present,NA,,NA
DS060,Histone H3 (S10),B166,GTGGCTGAGCTGACG,BC_166,Histone_H3_S10,not_present,NA,,NA
DS059,Histone H2A.X (S139),B167,TGACCTCCATAATAA,BC_167,Histone_H2AX_S139,not_present,NA,,NA
DS058,GAPDH,B168,ACAGAGAGTGTGACG,BC_168,GAPDH,not_present,NA,,NA
DS054,BTK (Y223),B169,GACGGCCTCGGCAAG,BC_169,BTK_Y223,not_present,NA,,NA
DS057,Cyclin B1,B170,CACGATCCTCGTTAC,BC_170,Cyclin_B1,not_present,NA,,NA
DS063,BLNK (SLP-65) (Y84),B172,ACTAGGTTAACCTCT,BC_172,BLNK_Y84,not_present,NA,,NA
DS067,IgG,B178,ATAGGTATATCCATG,BC_178,IgG,not_present,NA,,NA
DS056,Cyclin A2,B179,TGAATGCAAGTAATT,BC_179,Cyclin_A2,not_present,NA,,NA
DS064,CD20 (MS4A1),B180,CCTGAGTGAGGATAG,BC_180,CD20,not_present,NA,,NA
DS085,CD27,B193,CCGCATGAGGCCTGC,BC_193,CD27,not_present,NA,,NA
DS080,STAT6 (Y641),B194,AGTACAGGTGACTTA,BC_194,STAT6_Y641,not_present,NA,,NA
DS077,PKC-b1 (T642),B195,CCGAACGCAGCCGTA,BC_195,PKCb1_T642,not_present,NA,,NA
DS073,c-MYC,B196,TAGAATCGCTACAAC,BC_196,cMYC,not_present,NA,,NA
DS074,Cyclin E,B197,AATGTTACGTGACCT,BC_197,Cyclin_E,not_present,NA,,NA
DS068,AMPKa1/2 (T183/T172),B198,GCGCTGTGCCGAGGA,BC_198,AMPKa1_2_T183_T172,not_present,NA,,NA
DS099,PLCy2 (Y753),B202,CCATCAGGACGGAGT,BC_202,PLCy2_Y753,not_present,NA,,NA
DS100,PLCy2 (Y759),B203,TGGTTGATCGTATCT,BC_203,PLCy2_Y759,not_present,NA,,NA
DS103,SRC (Y416),B205,GCAACTGGCATCATC,BC_205,SRC_Y416,not_present,NA,,NA
DS104,STAT3 (S727),B208,TTATGGAGTGTAACA,BC_208,STAT3_S727,not_present,NA,,NA
DS040,PLCy1 (Y783),B212,ATGCCGAATGAGTCG,BC_212,PLCy1_Y783,not_present,NA,,NA
DS011,CD79a (Iga) (Y182),B213,CTAATGTCACAAGTA,BC_213,CD79a_Y182,not_present,NA,,NA
DS051,SYK (Y525/Y526),B215,GTACTGACTATGCTT,BC_215,SYK_Y525_Y526,not_present,NA,,NA
DS023,IRF3 (S396),B216,AGCAGGCTTGAAGGA,BC_216,IRF3_S396,not_present,NA,,NA
DS036,NFkB p65 (RelA) (S536),B218,ACGAAGCGTGGCAGA,BC_218,NFkB_p65_S536,not_present,NA,,NA
DS002,AKT (S473),B219,TACAGGTACACATTG,BC_219,AKT_S473,not_present,NA,,NA
DS021,Histone H3,B221,GAGTTACCATTGAAC,BC_221,Histone_H3,not_present,NA,,NA
DS052,TAK1 (T184/T187),B222,CGTGCCAGCGAATTC,BC_222,TAK1_T184_T187,not_present,NA,,NA
DS028,MAPK p38 (T180/Y182),B223,TTGAAGGTAATACAG,BC_223,MAPK_p38_T180_Y182,not_present,NA,,NA
DS043,S6 (S235/S236),B224,GACGGCCGCGCCGTC,BC_224,S6_S235_S236,not_present,NA,,NA
DS044,S6 (S240/S244),B225,AATGCACCGAAGTGC,BC_225,S6_S240_S244,not_present,NA,,NA
DS017,Cyclin D1,B228,TAACGTCACAACATA,BC_228,Cyclin_D1,not_present,NA,,NA
DS020,GSK-3b (S9),B229,TAGGAGGTATCCTCA,BC_229,GSK3b_S9,not_present,NA,,NA
DS042,Rb (S807/S811),B231,TAGACCATGCCGCCT,BC_231,Rb_S807_S811,not_present,NA,,NA
DS037,p90RSK1 (T359),B232,TAAGGACGCGTACGG,BC_232,p90RSK1_T359,not_present,NA,,NA
DS016,CREB (S133),B233,TCTCTATGAATGTTG,BC_233,CREB_S133,not_present,NA,,NA
DS025,JNK1/2 (SAPK) (T183/Y185),B234,ACAGGCCGCATACTT,BC_234,JNK1_2_SAPK_T183_Y185,not_present,NA,,NA
