plate,row,column,well, well_BC_ID,well_BC_seq,experiment,expected_BC,expected_BC_long
A,A,1,A01,001,AATAACACCTCGAATC,DS075,67,BC_67
A,A,2,A02,009,TCGTTATGTCCTGCTT,DS075,232,BC_232
A,A,3,A03,017,ACATCCCAGGTAGCAC,DS075,78,BC_78
A,A,4,A04,025,AGGATAACAGTCATGT,DS075,20,BC_20
A,A,5,A05,033,ATTCCATGTTAGGTAA,DS075,65,BC_65
A,A,6,A06,041,CATTGCCTCTAAACTG,DS075,167,BC_167
A,A,7,A07,008,TAAGCTCTCCCTCAGT,DS075,96,BC_96
A,A,8,A08,057,GAACGTTCAGGTGGAT,DS075,34,BC_34
A,A,9,A09,065,GCCATTCGTTACATCG,DS075,39,BC_39
A,A,10,A10,073,GTAGAGGTCGTTACCC,DS075,73,BC_73
A,A,11,A11,081,TACCCACAGGGCATGT,DS075,18,BC_18
A,A,12,A12,089,TCCTCCCCAGGCGTTC,DS075,76,BC_76
A,B,1,B01,002,ACTATCACTTGGCATG,DS075,59,BC_59
A,B,2,B02,010,TGTGAGTGCCTCACCA,DS075,95,BC_95
A,B,3,B03,018,ACCCTTGAGTATGACA,DS075,130,BC_130
A,B,4,B04,026,AGGGTTTCATCGATAC,DS075,75,BC_75
A,B,5,B05,034,ATTTCTGGTTGTACGT,DS075,40,BC_40
A,B,6,B06,042,CCACGTTTCTCTCGAC,DS075,91,BC_91
A,B,7,B07,050,CTAACCCAGTAGCAAC,DS075,225,BC_225
A,B,8,B08,058,GAATCGTCATCAGTGT,DS075,52,BC_52
A,B,9,B09,066,GCGTGCAGTTGCTAGT,DS075,81,BC_81
A,B,10,B10,074,GTCACGGTCTCGACCT,DS075,43,BC_43
A,B,11,B11,082,TACTGCCAGTAATTGG,DS075,79,BC_79
A,B,12,B12,090,TCGATTTCATAGTCGT,DS075,9,BC_09
A,C,1,C01,003,ATAACATGATCGACAC,DS075,84,BC_84
A,C,2,C02,011,AAACCCAAGAAACACT,DS075,6,BC_06
A,C,3,C03,019,ACGGTCGAGTGGCAGT,DS075,170,BC_170
A,C,4,C04,027,AGTAGCTCATTGCAGT,DS075,17,BC_17
A,C,5,C05,035,CAAGCTATCACAGCGT,DS075,128,BC_128
A,C,6,C06,043,CCCTCTCTCTTGGAAT,DS075,56,BC_56
A,C,7,C07,051,CTAGGTAAGTGCATAG,DS075,8,BC_08
A,C,8,C08,059,GACGTTACATTAGTCG,DS075,62,BC_62
A,C,9,C09,067,GCTTTCGTCAAGTCTG,DS075,11,BC_11
A,C,10,C10,075,GTCGCGATCTTCCGGC,DS075,80,BC_80
A,C,11,C11,083,TAGGGTTAGTGAACAT,DS075,793,BC_793
A,C,12,C12,091,TCGTAGACATGTCAGT,DS075,15,BC_15
A,D,1,D01,004,CAGCTAGATGAAGAAG,DS075,51,BC_51
A,D,2,D02,012,AACAAAGAGACTGATG,DS075,83,BC_83
A,D,3,D03,020,ACTATTCCAAATACGA,DS075,86,BC_86
A,D,4,D04,028,AGTTAGCGTAGACAGC,DS075,71,BC_71
A,D,5,D05,036,CACATGATCAGTCGAC,DS075,213,BC_213
A,D,6,D06,044,CCGTAGGAGACGATCA,DS075,92,BC_92
A,D,7,D07,052,CTCAGTCCAAACTAGA,DS075,47,BC_47
A,D,8,D08,060,GAGATGGGTACGTGTT,DS075,53,BC_53
A,D,9,D09,068,GGAGGTATCAGGAAGC,DS075,197,BC_197
A,D,10,D10,076,GTGAGTTAGACCATAG,DS075,50,BC_50
A,D,11,D11,084,TATCTTGAGTTTCCAA,DS075,30,BC_30
A,D,12,D12,092,TCTCAGCGTACCGCTG,DS075,89,BC_89
A,E,1,E01,005,CGCCGAGAAACAGACA,DS075,7,BC_07
A,E,2,E02,013,AACCTTTAGATGGGCT,DS075,205,BC_205
A,E,3,E03,021,ACTTCGCCAAGGTTTC,DS075,35,BC_35
A,E,4,E04,029,ATCACAGGTCAACCAT,DS075,29,BC_29
A,E,5,E05,037,CACTGTCTCCAGCAGT,DS075,42,BC_42
A,E,6,E06,045,CCTCATGAGATCGCTT,DS075,202,BC_202
A,E,7,E07,053,CTCCTCCCAAGCGTCC,DS075,14,BC_14
A,E,8,E08,061,GAGTGTTGTATGGTAA,DS075,218,BC_218
A,E,9,E09,069,GGGACAATCCACAGCG,DS075,2,BC_02
A,E,10,E10,077,GTGGGAAAGATACAGC,DS075,25,BC_25
A,E,11,E11,085,TCAATTCCAAGACGAC,DS075,223,BC_223
A,E,12,E12,093,TGAACGTGTATCGAGG,DS075,97,BC_97
A,F,1,F01,006,GATATAACTGGTTGCT,DS075,41,BC_41
A,F,2,F02,014,AAGCCATAGCCGAGGT,DS075,57,BC_57
A,F,3,F03,022,AGACAGGCACATACCA,DS075,99,BC_99
A,F,4,F04,030,ATCGATGGTCGAGATG,DS075,233,BC_233
A,F,5,F05,038,CAGCGTGTCCGGACGT,DS075,228,BC_228
A,F,6,F06,046,CGAAGGAAGCATTTGT,DS075,27,BC_27
A,F,7,F07,054,CTGCAGGCACACTACA,DS075,160,BC_160
A,F,8,F08,062,GATCGTAGTCCTCATC,DS075,216,BC_216
A,F,9,F09,070,GGGCTCATCCGATAGT,DS075,54,BC_54
A,F,10,F10,078,GTTACGAAGCATAGAC,DS075,93,BC_93
A,F,11,F11,086,TCAGGGCCACAACGAG,DS075,61,BC_61
A,F,12,F12,094,TGAGGAGGTCCCGTGA,DS075,45,BC_45
A,G,1,G01,007,GCGGACTGTTTGTCGA,DS075,198,BC_198
A,G,2,G02,015,AATCACGAGCTCCACG,DS075,44,BC_44
A,G,3,G03,023,AGATCGTCACGTTCGG,DS075,24,BC_24
A,G,4,G04,031,ATGACCAGTGACAGGT,DS075,19,BC_19
A,G,5,G05,039,CATACTTTCGACCATA,DS075,166,BC_166
A,G,6,G06,047,CGATGCGAGCTAAGTG,DS075,70,BC_70
A,G,7,G07,055,CTGTAGACACGGATTT,DS075,172,BC_172
A,G,8,G08,063,GATTTCTGTCTTGGTA,DS075,69,BC_69
A,G,9,G09,071,GGTAATCTCGAACATT,DS075,90,BC_90
A,G,10,G10,079,GTTGCTCAGCGTATAG,DS075,26,BC_26
A,G,11,G11,087,TCATGCCCACGAGGAT,DS075,31,BC_31
A,G,12,G12,095,TGCACGGGTCTGCGCA,DS075,58,BC_58
A,H,1,H01,016,ACAAAGAAGGCAGGTT,DS075,169,BC_169
A,H,2,H02,024,AGCGTATCAGATTGGG,DS075,208,BC_208
A,H,3,H03,032,ATGGGTTGTGGCGATA,DS075,46,BC_46
A,H,4,H04,040,CATGCAATCGGAGGTG,DS075,23,BC_23
A,H,5,H05,048,CGGACACAGGATCACG,DS075,229,BC_229
A,H,6,H06,049,CGTAGTAAGGGTCTAA,DS075,13,BC_13
A,H,7,H07,056,CTTCGGTCAGAGGAAA,DS075,28,BC_28
A,H,8,H08,064,GCAGTTAGTGGAACCA,DS075,32,BC_32
A,H,9,H09,072,GGTTCTCTCGCTGACG,DS075,219,BC_219
A,H,10,H10,080,TAAGCACAGGAGAATG,DS075,85,BC_85
A,H,11,H11,088,TCCATCGCAGACCAGA,DS075,55,BC_55
A,H,12,H12,096,TGCGGGTGTGCGTCGT,DS075,33,BC_33
B,A,1,A01,001,AATAACACCTCGAATC,DS075,168,BC_168
B,A,2,A02,009,TCGTTATGTCCTGCTT,DS075,48,BC_48
B,A,3,A03,017,ACATCCCAGGTAGCAC,DS075,87,BC_87
B,A,4,A04,025,AGGATAACAGTCATGT,DS075,68,BC_68
B,A,5,A05,033,ATTCCATGTTAGGTAA,DS075,163,BC_163
B,A,6,A06,041,CATTGCCTCTAAACTG,DS075,94,BC_94
B,A,7,A07,008,TAAGCTCTCCCTCAGT,DS075,77,BC_77
B,A,8,A08,057,GAACGTTCAGGTGGAT,DS075,215,BC_215
B,A,9,A09,065,GCCATTCGTTACATCG,DS075,180,BC_180
B,A,10,A10,073,GTAGAGGTCGTTACCC,DS075,234,BC_234
B,A,11,A11,081,TACCCACAGGGCATGT,DS075,38,BC_38
B,A,12,A12,089,TCCTCCCCAGGCGTTC,DS075,36,BC_36
B,B,1,B01,002,ACTATCACTTGGCATG,DS075,1,BC_01
B,B,2,B02,010,TGTGAGTGCCTCACCA,DS075,60,BC_60
B,B,3,B03,018,ACCCTTGAGTATGACA,DS075,3,BC_03
B,B,4,B04,026,AGGGTTTCATCGATAC,DS075,37,BC_37
B,B,5,B05,034,ATTTCTGGTTGTACGT,DS075,224,BC_224
B,B,6,B06,042,CCACGTTTCTCTCGAC,DS075,5,BC_05
B,B,7,B07,050,CTAACCCAGTAGCAAC,DS075,98,BC_98
B,B,8,B08,058,GAATCGTCATCAGTGT,DS075,222,BC_222
B,B,9,B09,066,GCGTGCAGTTGCTAGT,DS075,100,BC_100
B,B,10,B10,074,GTCACGGTCTCGACCT,DS075,231,BC_231
B,B,11,B11,082,TACTGCCAGTAATTGG,DS075,194,BC_194
B,B,12,B12,090,TCGATTTCATAGTCGT,DS075,88,BC_88
B,C,1,C01,003,ATAACATGATCGACAC,DS075,74,BC_74
B,C,2,C02,011,AAACCCAAGAAACACT,DS075,64,BC_64
B,C,3,C03,019,ACGGTCGAGTGGCAGT,DS075,49,BC_49
B,C,4,C04,027,AGTAGCTCATTGCAGT,DS075,230,BC_230
B,C,5,C05,035,CAAGCTATCACAGCGT,DS075,12,BC_12
B,C,6,C06,043,CCCTCTCTCTTGGAAT,DS075,178,BC_178
B,C,7,C07,051,CTAGGTAAGTGCATAG,DS075,82,BC_82
B,C,8,C08,059,GACGTTACATTAGTCG,DS075,158,BC_158
B,C,9,C09,067,GCTTTCGTCAAGTCTG,DS075,66,BC_66
B,C,10,C10,075,GTCGCGATCTTCCGGC,DS075,125,BC_125
B,C,11,C11,083,TAGGGTTAGTGAACAT,DS075,4,BC_04
B,C,12,C12,091,TCGTAGACATGTCAGT,DS075,72,BC_72
B,D,1,D01,004,CAGCTAGATGAAGAAG,DS075,179,BC_179
B,D,2,D02,012,AACAAAGAGACTGATG,DS075,196,BC_196
B,D,3,D03,020,ACTATTCCAAATACGA,DS075,10,BC_10
B,D,4,D04,028,AGTTAGCGTAGACAGC,DS075,221,BC_221
B,D,5,D05,036,CACATGATCAGTCGAC,DS075,22,BC_22
B,D,6,D06,044,CCGTAGGAGACGATCA,DS075,16,BC_16
B,D,7,D07,052,CTCAGTCCAAACTAGA,DS075,195,BC_195
B,D,8,D08,060,GAGATGGGTACGTGTT,DS075,212,BC_212
B,D,9,D09,068,GGAGGTATCAGGAAGC,DS075,129,BC_129
B,D,10,D10,076,GTGAGTTAGACCATAG,DS075,63,BC_63
B,D,11,D11,084,TATCTTGAGTTTCCAA,DS075,21,BC_21
B,D,12,D12,092,TCTCAGCGTACCGCTG,NA,NA,NA
B,E,1,E01,005,CGCCGAGAAACAGACA,NA,NA,NA
B,E,2,E02,013,AACCTTTAGATGGGCT,NA,NA,NA
B,E,3,E03,021,ACTTCGCCAAGGTTTC,NA,NA,NA
B,E,4,E04,029,ATCACAGGTCAACCAT,NA,NA,NA
B,E,5,E05,037,CACTGTCTCCAGCAGT,NA,NA,NA
B,E,6,E06,045,CCTCATGAGATCGCTT,NA,NA,NA
B,E,7,E07,053,CTCCTCCCAAGCGTCC,NA,NA,NA
B,E,8,E08,061,GAGTGTTGTATGGTAA,NA,NA,NA
B,E,9,E09,069,GGGACAATCCACAGCG,NA,NA,NA
B,E,10,E10,077,GTGGGAAAGATACAGC,NA,NA,NA
B,E,11,E11,085,TCAATTCCAAGACGAC,NA,NA,NA
B,E,12,E12,093,TGAACGTGTATCGAGG,NA,NA,NA
B,F,1,F01,006,GATATAACTGGTTGCT,NA,NA,NA
B,F,2,F02,014,AAGCCATAGCCGAGGT,NA,NA,NA
B,F,3,F03,022,AGACAGGCACATACCA,NA,NA,NA
B,F,4,F04,030,ATCGATGGTCGAGATG,NA,NA,NA
B,F,5,F05,038,CAGCGTGTCCGGACGT,NA,NA,NA
B,F,6,F06,046,CGAAGGAAGCATTTGT,NA,NA,NA
B,F,7,F07,054,CTGCAGGCACACTACA,NA,NA,NA
B,F,8,F08,062,GATCGTAGTCCTCATC,NA,NA,NA
B,F,9,F09,070,GGGCTCATCCGATAGT,NA,NA,NA
B,F,10,F10,078,GTTACGAAGCATAGAC,NA,NA,NA
B,F,11,F11,086,TCAGGGCCACAACGAG,NA,NA,NA
B,F,12,F12,094,TGAGGAGGTCCCGTGA,NA,NA,NA
B,G,1,G01,007,GCGGACTGTTTGTCGA,NA,NA,NA
B,G,2,G02,015,AATCACGAGCTCCACG,NA,NA,NA
B,G,3,G03,023,AGATCGTCACGTTCGG,NA,NA,NA
B,G,4,G04,031,ATGACCAGTGACAGGT,NA,NA,NA
B,G,5,G05,039,CATACTTTCGACCATA,NA,NA,NA
B,G,6,G06,047,CGATGCGAGCTAAGTG,NA,NA,NA
B,G,7,G07,055,CTGTAGACACGGATTT,NA,NA,NA
B,G,8,G08,063,GATTTCTGTCTTGGTA,NA,NA,NA
B,G,9,G09,071,GGTAATCTCGAACATT,NA,NA,NA
B,G,10,G10,079,GTTGCTCAGCGTATAG,NA,NA,NA
B,G,11,G11,087,TCATGCCCACGAGGAT,NA,NA,NA
B,G,12,G12,095,TGCACGGGTCTGCGCA,NA,NA,NA
B,H,1,H01,016,ACAAAGAAGGCAGGTT,NA,NA,NA
B,H,2,H02,024,AGCGTATCAGATTGGG,NA,NA,NA
B,H,3,H03,032,ATGGGTTGTGGCGATA,NA,NA,NA
B,H,4,H04,040,CATGCAATCGGAGGTG,NA,NA,NA
B,H,5,H05,048,CGGACACAGGATCACG,NA,NA,NA
B,H,6,H06,049,CGTAGTAAGGGTCTAA,NA,NA,NA
B,H,7,H07,056,CTTCGGTCAGAGGAAA,NA,NA,NA
B,H,8,H08,064,GCAGTTAGTGGAACCA,NA,NA,NA
B,H,9,H09,072,GGTTCTCTCGCTGACG,NA,NA,NA
B,H,10,H10,080,TAAGCACAGGAGAATG,NA,NA,NA
B,H,11,H11,088,TCCATCGCAGACCAGA,NA,NA,NA
B,H,12,H12,096,TGCGGGTGTGCGTCGT,NA,NA,NA
